잘먹고 잘자고 잘쉬기~~~,집가고싶다~~~,2019-01-21 05:53:58.927147
잘먹고 잘자고 잘쉬기~~~,집가고싶다~~~,2019-01-21 05:54:30.186326
시험공부,ㅎㅏ기시른데??,2019-01-21 05:54:53.787202
집가서 머하지,????????????????????????????????????????????????????????????????잘거야,2019-01-21 05:55:10.276436
놀자놀자,놀자로나로나로나로나ㄹㄴㄹㄴ잘놀잘,2019-01-21 06:09:18.163794
공부하기,공부시러공부시러,2019-01-21 06:52:23.392101
ㅇㄹㅇㄹㅇ,ㅇㄹㅇㄹㅇㄹㅇ,2019-01-21 06:58:50.202944
집가기,2시간전~,2019-01-21 07:10:58.589643
여기는 포스트글쓰기,입니다,2019-01-21 07:16:09.964363
여기는 포스ㅇㅇ트글쓰기,입니다,2019-01-21 07:36:08.377983
ddd,dddd,2019-01-21 07:46:08.473359
qqq,qqq,2019-01-21 07:46:31.208025
zad,asa,2019-01-21 07:46:38.358216
aaa,a,2019-01-21 07:46:54.148208
aaa,aaq,2019-01-21 07:47:02.413908
ss,sss,2019-01-21 07:47:12.914490
fdfdfdf,dfdfdfdfdfdfd,2019-01-21 07:55:16.672925
,,2019-01-21 07:55:37.536905
,,2019-01-21 07:56:44.377160
